Time (s),Ax (m/s²),Ay (m/s²),Az (m/s²),Ax (m/s²),Ay (m/s²),Az (m/s²)
1.7799999713897705,0.06734558194875717,10.008654594421387,0.7801322937011719,-0.7699965238571167,9.823039054870605,-0.442762553691864
1.7899999618530273,0.052630286663770676,9.938440322875977,0.7751983404159546,-0.7410712242126465,9.742874145507812,-0.4416961371898651
1.7999999523162842,0.027263373136520386,9.865330696105957,0.7769765853881836,-0.705280601978302,9.679839134216309,-0.44884175062179565
1.809999942779541,0.01025554072111845,9.843667030334473,0.7821359038352966,-0.6848955154418945,9.660435676574707,-0.44763845205307007
1.8200000524520874,0.0004894864978268743,9.863516807556152,0.7846070528030396,-0.6512926816940308,9.690756797790527,-0.4440257251262665
1.8300000429153442,-0.007207488641142845,9.917204856872559,0.7947170734405518,-0.6356136798858643,9.748834609985352,-0.446352481842041
1.840000033378601,-0.011155292391777039,10.004287719726562,0.8149287104606628,-0.6193990707397461,9.835226058959961,-0.45708802342414856
1.850000023841858,-0.0006691981106996536,10.104964256286621,0.8254895210266113,-0.5835286378860474,9.916772842407227,-0.4692293107509613
1.8600000143051147,0.014004712924361229,10.214138984680176,0.8254895210266113,-0.5883628129959106,9.98900032043457,-0.46961140632629395
1.8700000047683716,0.02564949169754982,10.286434173583984,0.8102118372917175,-0.5495697259902954,10.034811973571777,-0.45739027857780457
1.8799999952316284,0.032287098467350006,10.339248657226562,0.8204386830329895,-0.523487389087677,10.048874855041504,-0.450467050075531
1.8899999856948853,0.03391753137111664,10.337594985961914,0.8171494007110596,-0.48264893889427185,10.032367706298828,-0.44129693508148193
1.899999976158142,0.02716405689716339,10.300969123840332,0.8042259812355042,-0.419659286737442,9.97607707977295,-0.445770800113678
1.909999966621399,0.013888844288885593,10.208117485046387,0.7943580746650696,-0.369739294052124,9.9182767868042,-0.4374047517776489
1.9199999570846558,-0.0007850665715523064,10.123269081115723,0.7954099774360657,-0.30831068754196167,9.83184814453125,-0.4449068009853363
1.9299999475479126,-0.019183319061994553,10.048832893371582,0.8153711557388306,-0.24223878979682922,9.771549224853516,-0.4315052032470703
1.940000057220459,-0.05026916787028313,10.00946044921875,0.7780618667602539,-0.21545279026031494,9.73056697845459,-0.43637824058532715
1.9500000476837158,-0.06868397444486618,9.99172592163086,0.7796564102172852,-0.18542787432670593,9.726461410522461,-0.42568546533584595
1.9600000381469727,-0.09557373076677322,9.989232063293457,0.7821359038352966,-0.16944971680641174,9.753250122070312,-0.42867374420166016
1.9700000286102295,-0.10398247092962265,10.035968780517578,0.7948088645935059,-0.08346565067768097,9.813410758972168,-0.4229937493801117
1.9800000190734863,-0.11317746341228485,10.094922065734863,0.783563494682312,-0.07224476337432861,9.881505966186523,-0.41685751080513
1.9900000095367432,-0.13179917633533478,10.14998722076416,0.7955101728439331,-0.016701510176062584,9.950456619262695,-0.4213855564594269
2,-0.11961643397808075,10.209176063537598,0.7691373229026794,0.008902282454073429,10.012551307678223,-0.40714558959007263
2.009999990463257,-0.11424510180950165,10.259286880493164,0.772376537322998,0.04886903613805771,10.023094177246094,-0.4119131565093994
2.0199999809265137,-0.09537509828805923,10.240654945373535,0.7532668113708496,0.1152571514248848,10.036096572875977,-0.39586544036865234
2.0299999713897705,-0.10912206768989563,10.2149019241333,0.7523317933082581,0.1497715562582016,10.030110359191895,-0.3989221453666687
2.0399999618530273,-0.10558807849884033,10.168519020080566,0.7332805395126343,0.17232443392276764,9.96914291381836,-0.41289690136909485
2.049999952316284,-0.12208277732133865,10.09765911102295,0.7243310213088989,0.23506341874599457,9.91830062866211,-0.39995720982551575
2.059999942779541,-0.15460871160030365,10.015035629272461,0.7237550020217896,0.27198779582977295,9.852926254272461,-0.3937525451183319
2.069999933242798,-0.17348697781562805,9.943470001220703,0.7195139527320862,0.30347123742103577,9.777185440063477,-0.3773113489151001
2.0799999237060547,-0.1873580813407898,9.863180160522461,0.7203237414360046,0.3460758626461029,9.721365928649902,-0.3525211811065674
2.0899999141693115,-0.19346600770950317,9.81295108795166,0.7252576947212219,0.35501495003700256,9.710984230041504,-0.3525211811065674
2.0999999046325684,-0.19092518091201782,9.801977157592773,0.7249738574028015,0.3647972643375397,9.702091217041016,-0.3525211811065674
2.109999895095825,-0.20962965488433838,9.794093132019043,0.7133611440658569,0.40792036056518555,9.738018989562988,-0.3501031994819641
2.119999885559082,-0.2083633840084076,9.834674835205078,0.7217764258384705,0.44461968541145325,9.817741394042969,-0.3361797630786896
2.130000114440918,-0.20485422015190125,9.916559219360352,0.7146968841552734,0.4401130974292755,9.874391555786133,-0.35620805621147156
2.140000104904175,-0.20785024762153625,9.928717613220215,0.7071415185928345,0.4752855598926544,9.920928955078125,-0.35097286105155945
2.1500000953674316,-0.20794954895973206,9.965142250061035,0.682471752166748,0.5190068483352661,9.981042861938477,-0.37345337867736816
2.1600000858306885,-0.19184385240077972,9.979122161865234,0.6578019857406616,0.5316150188446045,9.977202415466309,-0.3502286672592163
2.1700000762939453,-0.1857524812221527,9.95300006866455,0.6368556618690491,0.562682569026947,9.973709106445312,-0.37178531289100647
2.180000066757202,-0.1857524812221527,9.902368545532227,0.6260110139846802,0.53471440076828,9.897771835327148,-0.3722500801086426
2.190000057220459,-0.18782983720302582,9.844925880432129,0.6189815998077393,0.5537833571434021,9.837148666381836,-0.3743772506713867
2.200000047683716,-0.19052791595458984,9.768088340759277,0.6024766564369202,0.5314013957977295,9.75661563873291,-0.35337090492248535
2.2100000381469727,-0.20900066196918488,9.680275917053223,0.6010991930961609,0.5712884068489075,9.699481010437012,-0.35972386598587036
2.2200000286102295,-0.2287314087152481,9.615721702575684,0.6257688999176025,0.5710804462432861,9.658047676086426,-0.3351817727088928
2.2300000190734863,-0.2338130623102188,9.581950187683105,0.6453126668930054,0.5186877846717834,9.647157669067383,-0.35660725831985474
2.240000009536743,-0.23562557995319366,9.580110549926758,0.6467152237892151,0.5310282111167908,9.679455757141113,-0.34805017709732056
2.25,-0.2362794131040573,9.573822021484375,0.6620180010795593,0.5779685378074646,9.689842224121094,-0.35089588165283203
2.259999990463257,-0.24405914545059204,9.582378387451172,0.66741943359375,0.6038884520530701,9.70867919921875,-0.3311869502067566
2.2699999809265137,-0.23281162977218628,9.625478744506836,0.6647395491600037,0.5222001671791077,9.720720291137695,-0.37292587757110596
2.2799999713897705,-0.20523492991924286,9.67056941986084,0.657084047794342,0.5115575790405273,9.769628524780273,-0.3918449580669403
2.2899999618530273,-0.18883126974105835,9.720117568969727,0.652074933052063,0.48770856857299805,9.821142196655273,-0.4050070643424988
2.299999952316284,-0.17904865741729736,9.75770092010498,0.6453126668930054,0.553438663482666,9.837333679199219,-0.3933875560760498
2.309999942779541,-0.16926605999469757,9.776921272277832,0.6284487843513489,0.5888988375663757,9.882433891296387,-0.3449421525001526
2.319999933242798,-0.16306710243225098,9.773630142211914,0.6123278737068176,0.5570023059844971,9.848197937011719,-0.39216145873069763
2.3299999237060547,-0.15447628498077393,9.752445220947266,0.6273801326751709,0.4501033425331116,9.807944297790527,-0.42011094093322754
2.3399999141693115,-0.1561398208141327,9.719890594482422,0.628957986831665,0.4357289969921112,9.730710983276367,-0.4230165481567383
2.3499999046325684,-0.17282487452030182,9.66521167755127,0.620058536529541,0.4229840934276581,9.671834945678711,-0.3653382956981659
2.359999895095825,-0.18429584801197052,9.539966583251953,0.6224378347396851,0.4696338176727295,9.59476089477539,-0.30488842725753784
2.369999885559082,-0.1940784603357315,9.451700210571289,0.6273717880249023,0.46064913272857666,9.551679611206055,-0.32912540435791016
2.380000114440918,-0.2038610577583313,9.380983352661133,0.6538865566253662,0.48336151242256165,9.54708194732666,-0.3676251173019409
2.390000104904175,-0.20924894511699677,9.387306213378906,0.6879233121871948,0.41650906205177307,9.561997413635254,-0.41535764932632446
2.4000000953674316,-0.18707668781280518,9.447955131530762,0.6951614618301392,0.37351417541503906,9.610740661621094,-0.4391583800315857
2.4100000858306885,-0.1718730926513672,9.554710388183594,0.7234293818473816,0.35442814230918884,9.678836822509766,-0.4294978082180023
2.4200000762939453,-0.17625126242637634,9.655774116516113,0.6767447590827942,0.40234267711639404,9.746932029724121,-0.3623528480529785
2.430000066757202,-0.17958663403987885,9.743755340576172,0.6902108192443848,0.41203951835632324,9.805327415466309,-0.3764986991882324
2.440000057220459,-0.1472344994544983,9.781858444213867,0.6809774041175842,0.44065147638320923,9.844377517700195,-0.4051724374294281
2.450000047683716,-0.14191283285617828,9.795000076293945,0.6801092028617859,0.3888656198978424,9.868863105773926,-0.4624001979827881
2.4600000381469727,-0.13158398866653442,9.788374900817871,0.6707922220230103,0.3597465753555298,9.826140403747559,-0.4821775555610657
2.4700000286102295,-0.11955849826335907,9.765837669372559,0.6638545989990234,0.34509021043777466,9.787132263183594,-0.45904406905174255
2.4800000190734863,-0.12367182970046997,9.731663703918457,0.6519664525985718,0.3541033864021301,9.700737953186035,-0.3929256498813629
2.490000009536743,-0.1308225691318512,9.72307300567627,0.6752586960792542,0.34505602717399597,9.721932411193848,-0.3724012076854706
2.5,-0.16389472782611847,9.698261260986328,0.6743987202644348,0.36793649196624756,9.703882217407227,-0.3996378481388092
2.509999990463257,-0.17930522561073303,9.675732612609863,0.6914713978767395,0.34109923243522644,9.68911361694336,-0.414547860622406
2.5199999809265137,-0.2073371261358261,9.660845756530762,0.7123843431472778,0.3675234615802765,9.716526985168457,-0.45654910802841187
2.5299999713897705,-0.21304777264595032,9.655597686767578,0.7222522497177124,0.3504941165447235,9.703887939453125,-0.4263983368873596
2.5399999618530273,-0.20079053938388824,9.67395305633545,0.7276620864868164,0.358675479888916,9.707802772521973,-0.3973881006240845
2.549999952316284,-0.18097704648971558,9.701737403869629,0.7243310213088989,0.33649295568466187,9.735699653625488,-0.38223856687545776
2.559999942779541,-0.17415736615657806,9.75632381439209,0.7243310213088989,0.3215716481208801,9.778642654418945,-0.39950668811798096
2.569999933242798,-0.15277135372161865,9.82199478149414,0.7298409938812256,0.3161933422088623,9.858946800231934,-0.40968620777130127
2.5799999237060547,-0.13993479311466217,9.906356811523438,0.7368286848068237,0.33827051520347595,9.918904304504395,-0.4192783534526825
2.5899999141693115,-0.14482609927654266,9.97822380065918,0.7339651584625244,0.3399369716644287,9.977272033691406,-0.45564520359039307
2.5999999046325684,-0.1432122141122818,10.019611358642578,0.7230286598205566,0.3621280789375305,9.981575012207031,-0.4273763597011566
2.609999895095825,-0.14028239250183105,10.014296531677246,0.7052714824676514,0.35073909163475037,9.950179100036621,-0.4159165322780609
2.619999885559082,-0.1475738286972046,9.967291831970215,0.7002456784248352,0.3319664001464844,9.911665916442871,-0.41512954235076904
2.630000114440918,-0.15987244248390198,9.92036247253418,0.7154732942581177,0.31717899441719055,9.850531578063965,-0.4107469320297241
2.640000104904175,-0.17454634606838226,9.875322341918945,0.7211836576461792,0.2897292673587799,9.796149253845215,-0.4277641475200653
2.6500000953674316,-0.18097704648971558,9.847999572753906,0.7202402949333191,0.2826731204986572,9.77347469329834,-0.42089223861694336
2.6600000858306885,-0.1924314647912979,9.846790313720703,0.7272195816040039,0.2778816819190979,9.780323028564453,-0.42426833510398865
2.6700000762939453,-0.20305825769901276,9.881980895996094,0.7291480898857117,0.28168749809265137,9.824959754943848,-0.40324774384498596
2.680000066757202,-0.21104490756988525,9.920866012573242,0.7510043978691101,0.2693641781806946,9.869256019592285,-0.4006814658641815
2.690000057220459,-0.20156024396419525,9.97018814086914,0.7596283555030823,0.2464723140001297,9.921677589416504,-0.42199575901031494
2.700000047683716,-0.1720138043165207,10.026362419128418,0.7580505013465881,0.23947028815746307,9.940757751464844,-0.4332474172115326
2.7100000381469727,-0.16531825065612793,10.080949783325195,0.7441586256027222,0.21780334413051605,9.9681978225708,-0.41750192642211914
2.7200000286102295,-0.14885665476322174,10.110262870788574,0.7459619045257568,0.19384609162807465,9.971806526184082,-0.41092658042907715
2.7300000190734863,-0.12440014630556107,10.11520004272461,0.7521231174468994,0.1866047978401184,9.954837799072266,-0.41867953538894653
2.740000009536743,-0.11510584503412247,10.134428024291992,0.7494098544120789,0.13606379926204681,9.948047637939453,-0.4116194546222687
2.75,-0.11802738159894943,10.131498336791992,0.7562973499298096,0.13651388883590698,9.947385787963867,-0.4227428138256073
2.759999990463257,-0.11487410217523575,10.109330177307129,0.7661652565002441,0.08842843770980835,9.922296524047852,-0.40826907753944397
2.7699999809265137,-0.1223972737789154,10.097113609313965,0.7760331630706787,0.08422096073627472,9.909757614135742,-0.42191022634506226
2.7799999713897705,-0.1321798861026764,10.087187767028809,0.790192186832428,0.0359816811978817,9.883466720581055,-0.4043455421924591
2.7899999618530273,-0.14633238315582275,10.081696510314941,0.7873620390892029,0.0028403252363204956,9.870765686035156,-0.39255496859550476
2.799999952316284,-0.14754900336265564,10.072183609008789,0.7914778590202332,-0.021868987008929253,9.861037254333496,-0.3748762309551239
2.809999942779541,-0.12454084306955338,10.06225872039795,0.7824865579605103,-0.0739625096321106,9.843149185180664,-0.3959253132343292
2.819999933242798,-0.12833139300346375,10.052863121032715,0.8011119365692139,-0.09946374595165253,9.852112770080566,-0.388671338558197
2.8299999237060547,-0.12315042316913605,10.096701622009277,0.7958858609199524,-0.1345478892326355,9.858625411987305,-0.39021679759025574
2.8399999141693115,-0.10789716988801956,10.122689247131348,0.7779032588005066,-0.18079879879951477,9.891626358032227,-0.3791590631008148
2.8499999046325684,-0.08425172418355942,10.165705680847168,0.7865439057350159,-0.2247736155986786,9.926538467407227,-0.3884318172931671
2.859999895095825,-0.06801359355449677,10.189990043640137,0.7810840010643005,-0.2561374306678772,9.944670677185059,-0.3792788088321686
2.869999885559082,-0.0424894317984581,10.205313682556152,0.7757158875465393,-0.30048540234565735,9.931550025939941,-0.36098700761795044
2.880000114440918,-0.041736286133527756,10.188898086547852,0.7996259927749634,-0.35615968704223633,9.916033744812012,-0.3689880669116974
2.890000104904175,-0.03423793986439705,10.158796310424805,0.8123490214347839,-0.37119778990745544,9.885767936706543,-0.3640579879283905
2.9000000953674316,-0.019597137346863747,10.105208396911621,0.8005610108375549,-0.4412692189216614,9.832229614257812,-0.3583095371723175
2.9100000858306885,-0.025589188560843468,10.056699752807617,0.8158553838729858,-0.46639445424079895,9.76998519897461,-0.3420422673225403
2.9200000762939453,-0.03293855860829353,10.014506340026855,0.8146281242370605,-0.5063782930374146,9.760760307312012,-0.34187689423561096
2.930000066757202,-0.0249436367303133,9.989232063293457,0.8123824000358582,-0.5353919267654419,9.757949829101562,-0.3315376937389374
2.940000057220459,-0.0071826595813035965,9.992171287536621,0.8173163533210754,-0.5819106698036194,9.764535903930664,-0.3434964716434479
2.950000047683716,-0.015401042997837067,10.002096176147461,0.8206724524497986,-0.6084345579147339,9.80463981628418,-0.34396126866340637
2.9600000381469727,-0.016932161524891853,10.027361869812012,0.824061930179596,-0.6350410580635071,9.834395408630371,-0.3354412615299225
2.9700000286102295,-0.004857014864683151,10.061905860900879,0.8140020370483398,-0.6785914301872253,9.854959487915039,-0.3332570791244507
2.9800000190734863,0.02151133306324482,10.054146766662598,0.7869529724121094,-0.7265059351921082,9.840789794921875,-0.33694109320640564
2.990000009536743,0.04680376127362251,10.015782356262207,0.7808168530464172,-0.763438880443573,9.790457725524902,-0.33074498176574707
3,0.057794708758592606,9.97954273223877,0.7725017666816711,-0.7714949250221252,9.77643871307373,-0.3284410536289215
3.009999990463257,0.05327583849430084,9.947449684143066,0.7793391346931458,-0.8113220930099487,9.728658676147461,-0.3465617299079895
3.0199999809265137,0.055369749665260315,9.887615203857422,0.7773689031600952,-0.8460245132446289,9.723910331726074,-0.34891700744628906
3.0299999713897705,0.060078974813222885,9.850627899169922,0.7676846981048584,-0.8676116466522217,9.716692924499512,-0.32619985938072205
3.0399999618530273,0.04736654832959175,9.836395263671875,0.7755740284919739,-0.8867774605751038,9.712944984436035,-0.33663028478622437
3.049999952316284,0.03324715420603752,9.834195137023926,0.7986158132553101,-0.9094841480255127,9.730916976928711,-0.33580052852630615
3.059999942779541,0.023464543744921684,9.822674751281738,0.8081747889518738,-0.9686509370803833,9.712346076965332,-0.31915971636772156
3.069999933242798,0.03140981122851372,9.808820724487305,0.8002604246139526,-0.9529975056648254,9.710284233093262,-0.3455323874950409
3.0799999237060547,0.04483399540185928,9.78955078125,0.7903925776481628,-0.9468558430671692,9.691741943359375,-0.353852778673172
3.0899999141693115,0.051430221647024155,9.761505126953125,0.7901671528816223,-0.9529775977134705,9.708233833312988,-0.3525211811065674
3.0999999046325684,0.06953053176403046,9.755182266235352,0.7817769050598145,-0.9887397289276123,9.682896614074707,-0.38007718324661255
3.109999895095825,0.06322397291660309,9.753209114074707,0.7842146754264832,-0.9921780228614807,9.696770668029785,-0.37392672896385193
3.119999885559082,0.0789986327290535,9.762588500976562,0.7762585878372192,-1.0152180194854736,9.708060264587402,-0.3669692873954773
3.130000114440918,0.09009717404842377,9.766366958618164,0.8056368231773376,-1.0197360515594482,9.708060264587402,-0.38050776720046997
3.140000104904175,0.08369130641222,9.766366958618164,0.7930640578269958,-1.0202374458312988,9.694411277770996,-0.36604541540145874
3.1500000953674316,0.07002710551023483,9.726985931396484,0.7791221141815186,-1.0049799680709839,9.67834758758545,-0.3807501196861267
3.1600000858306885,0.05135573446750641,9.705751419067383,0.7813511490821838,-1.004273533821106,9.646897315979004,-0.4076731204986572
3.1700000762939453,0.06058382987976074,9.674171447753906,0.7945834994316101,-0.9742372035980225,9.63814926147461,-0.408519983291626
3.180000066757202,0.032965756952762604,9.648015022277832,0.7795228362083435,-0.9788292050361633,9.63301944732666,-0.4153519570827484
3.190000057220459,0.029142098501324654,9.645244598388672,0.7860847115516663,-0.9684373140335083,9.626602172851562,-0.4232104420661926
3.200000047683716,0.02468116208910942,9.636192321777344,0.7869529724121094,-0.9785899519920349,9.611865997314453,-0.4247616231441498
3.2100000381469727,0.0380970761179924,9.635554313659668,0.7777195572853088,-0.9783421158790588,9.602222442626953,-0.3957371413707733
3.2200000286102295,0.038792286068201065,9.66418743133545,0.7869529724121094,-0.9831791520118713,9.597357749938965,-0.4038522243499756
3.2300000190734863,0.05301927402615547,9.674615859985352,0.8104372024536133,-0.984825611114502,9.618334770202637,-0.41194450855255127
3.240000009536743,0.05195990577340126,9.685347557067871,0.7923043370246887,-0.9610620737075806,9.652381896972656,-0.42297378182411194
3.25,0.033536821603775024,9.709000587463379,0.8014041781425476,-0.9212377667427063,9.664102554321289,-0.442158043384552
3.259999990463257,0.0301352571696043,9.715398788452148,0.8024060130119324,-0.8968474864959717,9.654594421386719,-0.45196688175201416
3.2699999809265137,0.036855630576610565,9.696178436279297,0.8110383152961731,-0.8855753540992737,9.65574836730957,-0.44744741916656494
3.2799999713897705,0.028008243069052696,9.709378242492676,0.8073650002479553,-0.8821569681167603,9.631058692932129,-0.44711095094680786
3.2899999618530273,0.0431787334382534,9.683710098266602,0.7852498888969421,-0.8699077367782593,9.59971809387207,-0.4273849129676819
3.299999952316284,0.022471385076642036,9.66075325012207,0.7773188352584839,-0.8476995229721069,9.587751388549805,-0.42426547408103943
3.309999942779541,0.02961384691298008,9.667899131774902,0.7729775905609131,-0.826764702796936,9.579819679260254,-0.4477297067642212
3.319999933242798,0.014815792441368103,9.6815767288208,0.759252667427063,-0.8045964241027832,9.603618621826172,-0.44945764541625977
3.3299999237060547,0.010892817750573158,9.700788497924805,0.7589103579521179,-0.7776565551757812,9.620144844055176,-0.44701114296913147
3.3399999141693115,0.0004894864978268743,9.738229751586914,0.7541601657867432,-0.7666835188865662,9.644204139709473,-0.4340144395828247
3.3499999046325684,-0.0010499085765331984,9.75339412689209,0.7707903385162354,-0.7637408375740051,9.671167373657227,-0.43948912620544434
3.359999895095825,-0.005941212177276611,9.761714935302734,0.7789884805679321,-0.7647948265075684,9.681722640991211,-0.4342140257358551
3.369999885559082,-0.0019768562633544207,9.785587310791016,0.7749896049499512,-0.7434611916542053,9.692479133605957,-0.43347838521003723
3.380000114440918,0.0062663559801876545,9.817628860473633,0.7704814076423645,-0.7281923890113831,9.71292495727539,-0.4420953094959259
3.390000104904175,0.0024923551827669144,9.833415031433105,0.7821359038352966,-0.7196036577224731,9.722713470458984,-0.4440257251262665
3.4000000953674316,0.001027447055093944,9.843339920043945,0.7821359038352966,-0.696700394153595,9.719827651977539,-0.4326429069042206
3.4100000858306885,0.004652474075555801,9.855531692504883,0.7798817753791809,-0.6764207482337952,9.720694541931152,-0.4304130971431732
3.4200000762939453,0.007764369715005159,9.860880851745605,0.7820607423782349,-0.6620463728904724,9.722713470458984,-0.4484225809574127
3.430000066757202,0.007888514548540115,9.855917930603027,0.7794894576072693,-0.6448888778686523,9.722713470458984,-0.4501163363456726
3.440000057220459,0.009651370346546173,9.856195449829102,0.7725017666816711,-0.625723123550415,9.725518226623535,-0.4440257251262665
3.450000047683716,-0.0001312373497057706,9.861157417297363,0.7833881974220276,-0.6202735900878906,9.724812507629395,-0.4385339021682739
3.4600000381469727,-0.0014720008475705981,9.866119384765625,0.7775776386260986,-0.6168950796127319,9.728241920471191,-0.4452974498271942
3.4700000286102295,0.01220875233411789,9.87702751159668,0.77359539270401,-0.599202036857605,9.76266860961914,-0.4482457935810089
3.4800000190734863,-0.0017285665962845087,9.895004272460938,0.7957522869110107,-0.5886619687080383,9.78620719909668,-0.4440257251262665
3.490000009536743,-0.01067526638507843,9.927684783935547,0.7966538667678833,-0.575344443321228,9.802430152893066,-0.46002212166786194
3.5,-0.01889364793896675,9.957408905029297,0.7884640693664551,-0.5725356936454773,9.836980819702148,-0.45439913868904114
3.509999990463257,-0.019994400441646576,9.989106178283691,0.7869529724121094,-0.5659210681915283,9.86257553100586,-0.44183585047721863
3.5199999809265137,-0.011593936942517757,10.0167236328125,0.7727939486503601,-0.5549821853637695,9.885096549987793,-0.4414195418357849
3.5299999713897705,-0.019936464726924896,10.037858009338379,0.782311201095581,-0.5523984432220459,9.898543357849121,-0.44955459237098694
3.5399999618530273,-0.008424106985330582,10.057707786560059,0.7907264828681946,-0.5424794554710388,9.921966552734375,-0.4533412754535675
3.549999952316284,-0.019713005051016808,10.089296340942383,0.7878796458244324,-0.5153857469558716,9.950248718261719,-0.459026962518692
3.559999942779541,-0.015442424453794956,10.103880882263184,0.7909602522850037,-0.4972454905509949,9.954591751098633,-0.45042142271995544
3.569999933242798,-0.00974831823259592,10.113805770874023,0.7793976068496704,-0.4822216331958771,9.93193531036377,-0.43188729882240295
3.5799999237060547,-0.01747012324631214,10.106668472290039,0.7942829132080078,-0.46340903639793396,9.893023490905762,-0.4420097768306732
3.5899999141693115,-0.014292016625404358,10.061678886413574,0.7965871095657349,-0.4365774989128113,9.849108695983887,-0.45365777611732483
3.5999999046325684,-0.013836818747222424,10.012054443359375,0.7786879539489746,-0.4130076467990875,9.800469398498535,-0.45365777611732483
3.609999895095825,-0.004732870031148195,9.957812309265137,0.7819104790687561,-0.4033677577972412,9.764134407043457,-0.45365777611732483
3.619999885559082,-0.004310777876526117,9.95539379119873,0.7869028449058533,-0.38178059458732605,9.783746719360352,-0.4584709405899048
3.630000114440918,-0.018736399710178375,10.00055980682373,0.8201715350151062,-0.37925952672958374,9.844557762145996,-0.45612993836402893
3.640000104904175,-0.024347741156816483,10.065315246582031,0.8021304607391357,-0.3772084712982178,9.922125816345215,-0.44410842657089233
3.6500000953674316,-0.04177767038345337,10.136956214904785,0.8172913193702698,-0.3531486690044403,10.005125045776367,-0.4509432315826416
3.6600000858306885,-0.033882059156894684,10.23141860961914,0.8308408856391907,-0.3293338418006897,10.051982879638672,-0.44932934641838074
3.6700000762939453,-0.03955133631825447,10.275081634521484,0.7905845642089844,-0.2959759831428528,10.064605712890625,-0.4482344090938568
3.680000066757202,-0.02283317595720291,10.272226333618164,0.7807166576385498,-0.2690674960613251,10.046051979064941,-0.4564293324947357
3.690000057220459,-0.04480680078268051,10.242402076721191,0.7691957950592041,-0.236575648188591,10.000244140625,-0.44430801272392273
3.700000047683716,-0.0338737815618515,10.166797637939453,0.7551202178001404,-0.19958288967609406,9.93990421295166,-0.4369627833366394
3.7100000381469727,-0.03771399334073067,10.109380722045898,0.7618072628974915,-0.17596746981143951,9.869550704956055,-0.42548587918281555
3.7200000286102295,-0.0447157584130764,10.052653312683105,0.7556962370872498,-0.14501388370990753,9.810020446777344,-0.41512954235076904
3.7300000190734863,-0.06508377939462662,9.983665466308594,0.7484163641929626,-0.109288789331913,9.783988952636719,-0.41512954235076904
3.740000009536743,-0.06858465820550919,9.95248031616211,0.7568817138671875,-0.08178208768367767,9.77253246307373,-0.4129624664783478
3.75,-0.09001204371452332,9.947164535522461,0.7803743481636047,-0.05024737864732742,9.781383514404297,-0.40172508358955383
3.759999990463257,-0.0997946560382843,9.958744049072266,0.7820190191268921,-0.010292015969753265,9.820844650268555,-0.3974308669567108
3.7699999809265137,-0.10503356158733368,9.98178482055664,0.774263322353363,0.009454922750592232,9.848481178283691,-0.4054974913597107
3.7799999713897705,-0.1103966236114502,10.009191513061523,0.7773188352584839,0.017573615536093712,9.878520965576172,-0.40341025590896606
3.7899999618530273,-0.10457009077072144,10.050897598266602,0.7693376541137695,0.04029171168804169,9.924393653869629,-0.408950537443161
3.799999952316284,-0.11085181683301926,10.089186668395996,0.7538261413574219,0.07868030667304993,9.970955848693848,-0.4178982675075531
3.809999942779541,-0.11226706206798553,10.127928733825684,0.7439582943916321,0.10189691931009293,10.012676239013672,-0.4070201516151428
3.819999933242798,-0.09991879761219025,10.168115615844727,0.7364363074302673,0.13666202127933502,10.039372444152832,-0.39586544036865234
3.8299999237060547,-0.10234376043081284,10.163211822509766,0.73150235414505,0.18971268832683563,10.020882606506348,-0.3819534182548523
3.8399999141693115,-0.10678814351558685,10.113134384155273,0.7110903263092041,0.25089627504348755,9.946552276611328,-0.3621532618999481
3.8499999046325684,-0.13664910197257996,9.947811126708984,0.671159565448761,0.2783089876174927,9.829523086547852,-0.3621532618999481
3.859999895095825,-0.16187530755996704,9.839040756225586,0.652074933052063,0.2822059392929077,9.709017753601074,-0.36600837111473083
3.869999885559082,-0.15316034853458405,9.750622749328613,0.6432839632034302,0.3214092552661896,9.622461318969727,-0.3603397607803345
3.880000114440918,-0.16265328228473663,9.650786399841309,0.6376237273216248,0.3459818363189697,9.54727554321289,-0.34855201840400696
3.890000104904175,-0.1871097981929779,9.594040870666504,0.6502799987792969,0.32736867666244507,9.542201042175293,-0.34799885749816895
3.9000000953674316,-0.21481892466545105,9.626914024353027,0.6634538769721985,0.3450816571712494,9.627918243408203,-0.3369525074958801
3.9100000858306885,-0.22395597398281097,9.715021133422852,0.6937087774276733,0.39802125096321106,9.747663497924805,-0.33192262053489685
3.9200000762939453,-0.23092463612556458,9.79870319366455,0.7085774540901184,0.45662394165992737,9.86073112487793,-0.33930206298828125
3.930000066757202,-0.22630645334720612,9.874449729919434,0.6880903244018555,0.47108376026153564,9.944167137145996,-0.37426602840423584
3.940000057220459,-0.1942274272441864,9.941346168518066,0.6959712505340576,0.4915257692337036,9.9807710647583,-0.3621532618999481
3.950000047683716,-0.17808862030506134,9.963093757629395,0.6499961614608765,0.547681450843811,9.978501319885254,-0.3551616072654724
3.9600000381469727,-0.16041040420532227,9.932966232299805,0.6256770491600037,0.5539884567260742,9.922852516174316,-0.3498009443283081
3.9700000286102295,-0.1570998728275299,9.880897521972656,0.614974319934845,0.5340991020202637,9.84609603881836,-0.3587372601032257
3.9800000190734863,-0.13620217144489288,9.80086898803711,0.5924584865570068,0.5506953597068787,9.769087791442871,-0.3525211811065674
3.990000009536743,-0.1589951515197754,9.699075698852539,0.5721215605735779,0.5823611617088318,9.706915855407715,-0.3541892468929291
4,-0.1751091331243515,9.590388298034668,0.5835339426994324,0.60646653175354,9.619364738464355,-0.34744852781295776
4.010000228881836,-0.22600021958351135,9.449063301086426,0.6029024124145508,0.6253674030303955,9.551627159118652,-0.3235566020011902
4.019999980926514,-0.24266044795513153,9.375810623168945,0.5804867744445801,0.6318509578704834,9.535490989685059,-0.3156011700630188
4.03000020980835,-0.2762705683708191,9.34023380279541,0.5950214862823486,0.6559022068977356,9.543608665466309,-0.3140442967414856
4.039999961853027,-0.272355854511261,9.347479820251465,0.6332407593727112,0.6276093125343323,9.558015823364258,-0.3169071078300476
4.050000190734863,-0.28438135981559753,9.411731719970703,0.6444444060325623,0.5710548162460327,9.612476348876953,-0.3335992395877838
4.059999942779541,-0.26037174463272095,9.539849281311035,0.6695399284362793,0.5688954591751099,9.714405059814453,-0.3216347396373749
4.070000171661377,-0.24193213880062103,9.657805442810059,0.6515071988105774,0.6034013628959656,9.821686744689941,-0.3320395350456238
4.079999923706055,-0.23011355102062225,9.76147174835205,0.6458887457847595,0.6549507975578308,9.909908294677734,-0.3322049081325531
4.090000152587891,-0.20645155012607574,9.826109886169434,0.6368222832679749,0.6844800710678101,9.96162223815918,-0.3650902211666107
4.099999904632568,-0.1832447648048401,9.8556489944458,0.6364800333976746,0.6824859976768494,9.95711612701416,-0.38192492723464966
4.110000133514404,-0.15437696874141693,9.828267097473145,0.6406875848770142,0.6537372469902039,9.88819408416748,-0.4054974913597107
4.119999885559082,-0.15844890475273132,9.743401527404785,0.5990871787071228,0.6263957619667053,9.762887954711914,-0.40268030762672424
4.130000114440918,-0.15258100628852844,9.624302864074707,0.5952802896499634,0.6010512113571167,9.63105297088623,-0.3847563564777374
4.139999866485596,-0.1762678176164627,9.487083435058594,0.5846359729766846,0.5764045715332031,9.537938117980957,-0.36144325137138367
4.150000095367432,-0.2060377448797226,9.342769622802734,0.5861387252807617,0.5660724639892578,9.481240272521973,-0.37178531289100647
4.159999847412109,-0.22720855474472046,9.306100845336914,0.6040294766426086,0.5620900392532349,9.496357917785645,-0.37444281578063965
4.170000076293945,-0.2516650855541229,9.327058792114258,0.6380161046981812,0.5503307580947876,9.54279613494873,-0.3840349614620209
4.179999828338623,-0.2742842435836792,9.394064903259277,0.6491112112998962,0.5429641008377075,9.632596969604492,-0.38718292117118835
4.190000057220459,-0.27236413955688477,9.519042015075684,0.6698071360588074,0.5323927402496338,9.717857360839844,-0.3727947175502777
4.199999809265137,-0.24847041070461273,9.666396141052246,0.6996028423309326,0.5224109888076782,9.8077392578125,-0.3683978319168091
4.210000038146973,-0.23650287091732025,9.7618408203125,0.6962467432022095,0.48407939076423645,9.879209518432617,-0.38008859753608704
4.21999979019165,-0.20572324097156525,9.852340698242188,0.685794472694397,0.45299476385116577,9.915668487548828,-0.36698925495147705
4.230000019073486,-0.16647693514823914,9.919363021850586,0.6833567023277283,0.445787638425827,9.934000015258789,-0.387362539768219
4.239999771118164,-0.13712912797927856,9.950472831726074,0.6579856872558594,0.44345173239707947,9.914665222167969,-0.4066665768623352
4.25,-0.11042971909046173,9.934350967407227,0.6429667472839355,0.4304248094558716,9.879451751708984,-0.40801528096199036
4.260000228881836,-0.10808752477169037,9.887749671936035,0.6388927102088928,0.40533944964408875,9.825654029846191,-0.4018106162548065
4.269999980926514,-0.1256415992975235,9.822356224060059,0.647333025932312,0.3832395076751709,9.731386184692383,-0.4054974913597107
4.28000020980835,-0.14221078157424927,9.740723609924316,0.6720027923583984,0.37018123269081116,9.663290023803711,-0.40658673644065857
4.289999961853027,-0.1631084829568863,9.664027214050293,0.6903944611549377,0.31588855385780334,9.604954719543457,-0.40496712923049927
4.300000190734863,-0.18433722853660583,9.627300262451172,0.7084522247314453,0.28220024704933167,9.585955619812012,-0.386233389377594
4.309999942779541,-0.19052791595458984,9.62101936340332,0.7146968841552734,0.27911514043807983,9.60265827178955,-0.385204017162323
4.320000171661377,-0.1939874142408371,9.670157432556152,0.742614209651947,0.26171553134918213,9.682528495788574,-0.3814173638820648
4.329999923706055,-0.1988787204027176,9.757768630981445,0.7640531063079834,0.23296679556369781,9.778107643127441,-0.3833962380886078
4.340000152587891,-0.19269630312919617,9.878270149230957,0.7565143704414368,0.20615516602993011,9.901620864868164,-0.3891104459762573
4.349999904632568,-0.18291370570659637,9.995706558227539,0.7570737600326538,0.18888656795024872,9.99904727935791,-0.3852154314517975
4.360000133514404,-0.14174731075763702,10.101882934570312,0.7620076537132263,0.1746603399515152,10.041728973388672,-0.3997519016265869
4.369999885559082,-0.1089896410703659,10.197898864746094,0.738423228263855,0.1465725153684616,10.082569122314453,-0.3985942304134369
4.380000114440918,-0.09210594743490219,10.216313362121582,0.7046286463737488,0.1355595737695694,10.044913291931152,-0.41209280490875244
4.389999866485596,-0.06889088451862335,10.190946578979492,0.7088612914085388,0.10591638088226318,9.984354019165039,-0.4164668619632721
4.400000095367432,-0.06198015809059143,10.10331916809082,0.7054551243782043,0.10701026767492294,9.891077041625977,-0.404930055141449
4.409999847412109,-0.07059580087661743,10.022735595703125,0.7277705669403076,0.07033656537532806,9.798847198486328,-0.42310211062431335
4.420000076293945,-0.08961477875709534,9.919909477233887,0.7338065505027771,0.04482393339276314,9.738142967224121,-0.41350993514060974
4.429999828338623,-0.10955243557691574,9.873181343078613,0.7391161918640137,0.03129563108086586,9.721834182739258,-0.40154829621315
4.440000057220459,-0.13379377126693726,9.864423751831055,0.7636356353759766,0.0031394350808113813,9.749276161193848,-0.37987759709358215
4.449999809265137,-0.14816144108772278,9.895130157470703,0.7839893102645874,-0.005101749673485756,9.794572830200195,-0.3687856197357178
4.460000038146973,-0.15625567734241486,9.941934585571289,0.8114641308784485,-0.049056634306907654,9.850296974182129,-0.3532511293888092
4.46999979019165,-0.14539717137813568,10.011954307556152,0.8174833655357361,-0.04993971809744835,9.919112205505371,-0.36088719964027405
4.480000019073486,-0.12387046217918396,10.087717056274414,0.8296470642089844,-0.08210113644599915,9.98857307434082,-0.3814173638820648
4.489999771118164,-0.0896313339471817,10.16583251953125,0.8216074705123901,-0.10538896918296814,10.033814430236816,-0.384097695350647
4.5,-0.058934472501277924,10.214985847473145,0.7960444688796997,-0.12520428001880646,10.057474136352539,-0.4006814658641815
4.510000228881836,-0.04225769266486168,10.274301528930664,0.7694712281227112,-0.14727286994457245,10.07309627532959,-0.40194177627563477
4.519999980926514,-0.023387689143419266,10.280548095703125,0.7524152994155884,-0.1592942327260971,10.058417320251465,-0.4078727066516876
4.53000020980835,-0.024620860815048218,10.238346099853516,0.7389408349990845,-0.1845049113035202,10.00798225402832,-0.3940006196498871
4.539999961853027,-0.029512163251638412,10.188721656799316,0.7505118250846863,-0.1884930431842804,9.945907592773438,-0.413418710231781
4.550000190734863,-0.04172800853848457,10.13315200805664,0.750987708568573,-0.2176348716020584,9.891845703125,-0.397929847240448
4.559999942779541,-0.07107582688331604,10.058865547180176,0.7740629315376282,-0.21761208772659302,9.831865310668945,-0.37713170051574707
4.570000171661377,-0.09872700273990631,9.984832763671875,0.7886644005775452,-0.2539040744304657,9.763047218322754,-0.37937575578689575
4.579999923706055,-0.11593347787857056,9.935762405395508,0.8009116053581238,-0.2755197286605835,9.732978820800781,-0.3621532618999481
4.590000152587891,-0.12468153983354568,9.911713600158691,0.8178005814552307,-0.3134724795818329,9.741660118103027,-0.3602713346481323
4.599999904632568,-0.12913420796394348,9.928305625915527,0.8186103701591492,-0.3119911849498749,9.7877197265625,-0.3437901735305786
4.610000133514404,-0.10639087855815887,9.974579811096191,0.8245711922645569,-0.3813419044017792,9.854941368103027,-0.35338231921195984
4.619999885559082,-0.06726044416427612,10.049948692321777,0.8420111536979675,-0.3769606351852417,9.915390968322754,-0.3625638782978058
4.630000114440918,-0.044873010367155075,10.124931335449219,0.8423367142677307,-0.3828146457672119,9.993324279785156,-0.3677505850791931
4.639999866485596,-0.01741218753159046,10.177101135253906,0.8224757313728333,-0.4446876347064972,10.01613998413086,-0.3784547448158264
4.650000095367432,0.0052649215795099735,10.207732200622559,0.8110383152961731,-0.39559945464134216,10.016735076904297,-0.4006814658641815
4.659999847412109,0.024441150948405266,10.198201179504395,0.7999849319458008,-0.45243600010871887,9.962896347045898,-0.3993584215641022
4.670000076293945,0.018705662339925766,10.144420623779297,0.7831293344497681,-0.4966244697570801,9.904844284057617,-0.3792417347431183
4.679999828338623,-0.006619870197027922,10.057926177978516,0.7773188352584839,-0.4879132807254791,9.846917152404785,-0.3479959964752197
4.690000057220459,-0.023098018020391464,9.976166725158691,0.7773188352584839,-0.49757590889930725,9.72347640991211,-0.3517085313796997
4.699999809265137,-0.03136605769395828,9.898480415344238,0.7773188352584839,-0.5805916786193848,9.655097961425781,-0.33807310461997986
4.710000038146973,-0.07276419550180435,9.825815200805664,0.7940575480461121,-0.522917628288269,9.669455528259277,-0.3376111686229706
4.71999979019165,-0.09024377912282944,9.805126190185547,0.8014041781425476,-0.5560361742973328,9.678755760192871,-0.32907405495643616
4.730000019073486,-0.07959216088056564,9.808728218078613,0.8085671663284302,-0.5813294649124146,9.67972469329834,-0.3432712256908417
4.739999771118164,-0.06858465820550919,9.828569412231445,0.8073399662971497,-0.6362631320953369,9.705431938171387,-0.3523500859737396
4.75,-0.051237497478723526,9.876405715942383,0.8100364804267883,-0.6232475638389587,9.767743110656738,-0.3481585383415222
4.760000228881836,-0.016079701483249664,9.90726375579834,0.8071061968803406,-0.6526514887809753,9.80125904083252,-0.3620221018791199
4.769999980926514,0.011008686386048794,9.940220832824707,0.7981232404708862,-0.7043576240539551,9.815174102783203,-0.3576708137989044
4.78000020980835,0.03546520695090294,9.966577529907227,0.7965871095657349,-0.7139405012130737,9.80076789855957,-0.37132909893989563
4.789999961853027,0.051430221647024155,9.948314666748047,0.7965871095657349,-0.7238082885742188,9.795759201049805,-0.3481328785419464
4.800000190734863,0.06174251437187195,9.923502922058105,0.8009867668151855,-0.7521981000900269,9.781011581420898,-0.37655001878738403
4.809999942779541,0.05361516773700714,9.889605522155762,0.7968876361846924,-0.7475946545600891,9.751763343811035,-0.37184804677963257
4.820000171661377,0.020865779370069504,9.845547676086426,0.7826868891716003,-0.7716430425643921,9.71277141571045,-0.38139456510543823
4.829999923706055,0.010023804381489754,9.790675163269043,0.7822360992431641,-0.8339319229125977,9.639811515808105,-0.371802419424057
4.840000152587891,-0.004120422061532736,9.725255966186523,0.7916030883789062,-0.8388259410858154,9.581418991088867,-0.3526352345943451
4.849999904632568,-0.000917487486731261,9.65749454498291,0.7875206470489502,-0.8245654702186584,9.552061080932617,-0.3382185399532318
4.860000133514404,-0.022990426048636436,9.617392539978027,0.7945834994316101,-0.8528783917427063,9.537322044372559,-0.3475682735443115
4.869999885559082,-0.016559727489948273,9.580018043518066,0.7719841599464417,-0.829673171043396,9.556292533874512,-0.37134334444999695
4.880000114440918,0.003005486913025379,9.609297752380371,0.7695881724357605,-0.8903724551200867,9.580522537231445,-0.40003135800361633
4.889999866485596,0.02108096517622471,9.664313316345215,0.7828872799873352,-0.9105125665664673,9.628612518310547,-0.4100568890571594
4.900000095367432,0.03258504718542099,9.700201034545898,0.7826117277145386,-0.9343416690826416,9.681985855102539,-0.3449649512767792
4.909999847412109,0.05215026065707207,9.7647123336792,0.7658229470252991,-0.9768722057342529,9.726061820983887,-0.3800714910030365
4.920000076293945,0.06843805313110352,9.818140983581543,0.7795228362083435,-0.9737614393234253,9.746370315551758,-0.3814173638820648
4.929999828338623,0.0709126740694046,9.823221206665039,0.7930473685264587,-0.9919872283935547,9.7471342086792,-0.4044567346572876
4.940000057220459,0.06734558194875717,9.801095962524414,0.8056952953338623,-0.9836519956588745,9.723870277404785,-0.4146733283996582
4.949999809265137,0.06158526614308357,9.76429271697998,0.7903174161911011,-0.9968869090080261,9.676386833190918,-0.41969749331474304
4.960000038146973,0.05135573446750641,9.686018943786621,0.788522481918335,-1.0021740198135376,9.609297752380371,-0.4063015878200531
4.96999979019165,0.04943562671542168,9.628039360046387,0.790083646774292,-0.9843470454216003,9.550387382507324,-0.3828573226928711
4.980000019073486,0.030342161655426025,9.556272506713867,0.7923627495765686,-0.9831961989402771,9.510307312011719,-0.3814173638820648
4.989999771118164,0.02436666190624237,9.495085716247559,0.797563910484314,-0.9831961989402771,9.530566215515137,-0.4083460569381714
5,0.03446377068758011,9.501005172729492,0.7897329926490784,-0.9876600503921509,9.541292190551758,-0.41924983263015747
5.010000228881836,0.04824383929371834,9.565794944763184,0.7826451659202576,-0.9791197776794434,9.600643157958984,-0.4199455678462982
5.019999980926514,0.04824383929371834,9.63416862487793,0.7750480771064758,-0.996080756187439,9.63692855834961,-0.4199455678462982
5.03000020980835,0.05297788977622986,9.69580078125,0.7629510760307312,-0.988822340965271,9.684388160705566,-0.42435386776924133
5.039999961853027,0.07269208133220673,9.752604484558105,0.7632516622543335,-0.9967758059501648,9.719676971435547,-0.42914992570877075
5.050000190734863,0.08384855836629868,9.787031173706055,0.7751231789588928,-0.9845378994941711,9.722713470458984,-0.4383143484592438
5.059999942779541,0.08438652008771896,9.800281524658203,0.7691038846969604,-0.9788520336151123,9.727123260498047,-0.4392096996307373
5.070000171661377,0.0807863175868988,9.806024551391602,0.7685779929161072,-0.9783848524093628,9.731986999511719,-0.45219501852989197
5.079999923706055,0.0680573433637619,9.80399227142334,0.7695297002792358,-0.9525588750839233,9.723742485046387,-0.45365777611732483
5.090000152587891,0.05644566938281059,9.7940673828125,0.7769514918327332,-0.9366633296012878,9.709665298461914,-0.41934964060783386
5.099999904632568,0.04984116926789284,9.78736686706543,0.7885475158691406,-0.9222889542579651,9.695074081420898,-0.4364723563194275
5.110000133514404,0.03506794199347496,9.775720596313477,0.7818019986152649,-0.890936553478241,9.663247108459473,-0.42646390199661255
5.119999885559082,0.035961784422397614,9.753914833068848,0.7773188352584839,-0.874294638633728,9.646353721618652,-0.4289902448654175
5.130000114440918,0.028115833178162575,9.73625659942627,0.7986575365066528,-0.8515110015869141,9.63176155090332,-0.4337863326072693
5.139999866485596,0.03164982050657272,9.736146926879883,0.7731612324714661,-0.8108149766921997,9.642658233642578,-0.4427711069583893
5.150000095367432,0.05270477384328842,9.763981819152832,0.766657829284668,-0.7926804423332214,9.653020858764648,-0.43985697627067566
5.159999847412109,0.05004807561635971,9.802648544311523,0.7833130359649658,-0.7783060669898987,9.70903205871582,-0.4516561031341553
5.170000076293945,0.04026547074317932,9.866632461547852,0.8070728182792664,-0.7721814513206482,9.759700775146484,-0.42888474464416504
5.179999828338623,0.06332328915596008,9.923611640930176,0.7944749593734741,-0.7345505952835083,9.808341026306152,-0.4453060030937195
5.190000057220459,0.046240970492362976,9.969635009765625,0.8002854585647583,-0.7281923890113831,9.844539642333984,-0.4570195972919464
5.199999809265137,0.030458033084869385,10.014296531677246,0.8057788014411926,-0.6997370719909668,9.853828430175781,-0.4828875660896301
5.210000038146973,0.033594753593206406,10.04992389678955,0.7927467823028564,-0.6742870807647705,9.850480079650879,-0.4630759656429291
5.21999979019165,0.015643423423171043,10.029041290283203,0.8055950999259949,-0.646304726600647,9.853787422180176,-0.458473801612854
5.230000019073486,0.005422171670943499,10.004178047180176,0.801395833492279,-0.5975298881530762,9.822059631347656,-0.4504556357860565
5.239999771118164,0.00006739431410096586,9.993078231811523,0.7814262509346008,-0.5687355399131775,9.766965866088867,-0.4608091115951538
5.25,-0.013836818747222424,9.960163116455078,0.7590857148170471,-0.5249515771865845,9.752877235412598,-0.44741320610046387
5.260000228881836,-0.014209252782166004,9.959407806396484,0.7765674591064453,-0.5086002349853516,9.735997200012207,-0.4400765299797058
5.269999980926514,-0.01812395080924034,9.952454566955566,0.7706400752067566,-0.4597627520561218,9.748420715332031,-0.4392096996307373
5.28000020980835,-0.016253503039479256,9.973529815673828,0.7965871095657349,-0.4413205087184906,9.795628547668457,-0.43530040979385376
5.289999961853027,-0.03149848058819771,10.004766464233398,0.7965871095657349,-0.42008087038993835,9.82546615600586,-0.4577295780181885
5.300000190734863,-0.03007495403289795,10.042769432067871,0.7949007153511047,-0.3806610703468323,9.857633590698242,-0.4555511176586151
5.309999942779541,-0.0549287348985672,10.075441360473633,0.7927134037017822,-0.3490750789642334,9.887777328491211,-0.45365777611732483
5.320000171661377,-0.024960188195109367,10.113604545593262,0.8137014508247375,-0.3241521120071411,9.916960716247559,-0.43068113923072815
5.329999923706055,-0.020937899127602577,10.127290725708008,0.8086089491844177,-0.2925832271575928,9.915238380432129,-0.44380903244018555
5.340000152587891,-0.048986341804265976,10.1345796585083,0.8119232654571533,-0.26282891631126404,9.928568840026855,-0.44884175062179565
5.349999904632568,-0.06636660546064377,10.1403226852417,0.7971214056015015,-0.2340802103281021,9.944201469421387,-0.441302627325058
5.360000133514404,-0.06483548879623413,10.147745132446289,0.7962197661399841,-0.205331489443779,9.951188087463379,-0.4392096996307373
5.369999885559082,-0.06488514691591263,10.12956714630127,0.8092100024223328,-0.17658276855945587,9.906880378723145,-0.43175041675567627
5.380000114440918,-0.07995631545782089,10.114679336547852,0.7948088645935059,-0.13671572506427765,9.897421836853027,-0.4258679747581482
5.389999866485596,-0.09314049035310745,10.092167854309082,0.7936651706695557,-0.1120235025882721,9.879834175109863,-0.4321410655975342
5.400000095367432,-0.10021674633026123,10.061477661132812,0.778479278087616,-0.08185900002717972,9.840627670288086,-0.41604486107826233
5.409999847412109,-0.11834188550710678,10.034523963928223,0.7596200704574585,-0.0738428607583046,9.830164909362793,-0.41031351685523987
5.420000076293945,-0.11476651579141617,10.018301963806152,0.7631931900978088,-0.04483206570148468,9.852252006530762,-0.413943350315094
5.429999828338623,-0.10925448685884476,10.025430679321289,0.7509626746177673,0.015138006769120693,9.899741172790527,-0.4006900191307068
5.440000057220459,-0.11166289448738098,10.047799110412598,0.7510377764701843,0.032007794827222824,9.913196563720703,-0.39586544036865234
5.449999809265137,-0.12221519649028778,10.067129135131836,0.7606468796730042,0.02844126708805561,9.931299209594727,-0.4172852337360382
5.460000038146973,-0.11439407616853714,10.082511901855469,0.7764338850975037,0.05202250927686691,9.955617904663086,-0.40701159834861755
5.46999979019165,-0.1026003286242485,10.090975761413574,0.7756324410438538,0.0785093903541565,9.962038040161133,-0.4006814658641815
5.480000019073486,-0.11917778849601746,10.093939781188965,0.7735787034034729,0.0638928934931755,9.95491886138916,-0.4041915535926819
5.489999771118164,-0.12237244844436646,10.077330589294434,0.7773188352584839,0.09790594130754471,9.934572219848633,-0.38804689049720764
5.5,-0.11574311554431915,10.047555923461914,0.7582342028617859,0.12766878306865692,9.892656326293945,-0.3744770288467407
5.510000228881836,-0.1271975338459015,10.021098136901855,0.7352257966995239,0.13649393618106842,9.879007339477539,-0.38213592767715454
5.519999980926514,-0.13322269916534424,9.992851257324219,0.7428061962127686,0.15842010080814362,9.872049331665039,-0.3965241014957428
5.53000020980835,-0.13322269916534424,9.97728443145752,0.7413535714149475,0.17354081571102142,9.86923885345459,-0.3904506266117096
5.539999961853027,-0.14768970012664795,9.952681541442871,0.7278373837471008,0.18989785015583038,9.862361907958984,-0.386233389377594
5.550000190734863,-0.1485918164253235,9.94562816619873,0.713035523891449,0.19896230101585388,9.86288833618164,-0.3794926702976227
5.559999942779541,-0.15909446775913239,9.926106452941895,0.7176439166069031,0.21714246273040771,9.857558250427246,-0.36319971084594727
5.570000171661377,-0.16980402171611786,9.905315399169922,0.6995193362236023,0.24109973013401031,9.847830772399902,-0.36732855439186096
5.579999923706055,-0.16326573491096497,9.8978853225708,0.6995444297790527,0.25844240188598633,9.841460227966309,-0.37178531289100647
5.590000152587891,-0.16607140004634857,9.88015079498291,0.6748495697975159,0.23994317650794983,9.843270301818848,-0.37178531289100647
5.599999904632568,-0.17096270620822906,9.869050025939941,0.6756927967071533,0.271751344203949,9.84813404083252,-0.3619736135005951
5.610000133514404,-0.162570521235466,9.868109703063965,0.6895596385002136,0.2755856513977051,9.833218574523926,-0.36383843421936035
5.619999885559082,-0.15733161568641663,9.868109703063965,0.6585283279418945,0.27422115206718445,9.838386535644531,-0.34758540987968445
5.630000114440918,-0.15244030952453613,9.85865592956543,0.6897934079170227,0.27738887071609497,9.818768501281738,-0.36054790019989014
5.639999866485596,-0.16164357960224152,9.83325481414795,0.6813280582427979,0.35389259457588196,9.802508354187012,-0.37178531289100647
5.650000095367432,-0.15301965177059174,9.794260025024414,0.6951948404312134,0.36435288190841675,9.765488624572754,-0.37178531289100647
5.659999847412109,-0.16526031494140625,9.770153999328613,0.6902608871459961,0.3275253474712372,9.756720542907715,-0.3843885362148285
5.670000076293945,-0.14893943071365356,9.757616996765137,0.6839244365692139,0.29711300134658813,9.764961242675781,-0.38478773832321167
5.679999828338623,-0.16361333429813385,9.765779495239258,0.6694481372833252,0.3087669014930725,9.779290199279785,-0.37519559264183044
5.690000057220459,-0.1748111993074417,9.76434326171875,0.6850013732910156,0.3546588718891144,9.789341926574707,-0.35633066296577454
5.699999809265137,-0.16989505290985107,9.775141716003418,0.6586201190948486,0.40122881531715393,9.772404670715332,-0.3477051556110382
5.710000038146973,-0.18482553958892822,9.74510669708252,0.6831312775611877,0.39253470301628113,9.755598068237305,-0.3721132278442383
5.71999979019165,-0.18097704648971558,9.730949401855469,0.6531268358230591,0.39659690856933594,9.742795944213867,-0.38926443457603455
5.730000019073486,-0.17981836199760437,9.70117473602295,0.6522168517112732,0.3922555446624756,9.725151062011719,-0.39406049251556396
5.739999771118164,-0.1698288470506668,9.673985481262207,0.6363380551338196,0.3951925039291382,9.69659423828125,-0.3659541606903076
5.75,-0.16066697239875793,9.652725219726562,0.6271964907646179,0.4321681559085846,9.686652183532715,-0.3625609874725342
5.760000228881836,-0.18097704648971558,9.63708209991455,0.6196160912513733,0.44470229744911194,9.685530662536621,-0.3540780544281006
5.769999980926514,-0.18097704648971558,9.637107849121094,0.6393518447875977,0.4380478262901306,9.677694320678711,-0.35461413860321045
5.78000020980835,-0.18271507322788239,9.623656272888184,0.652074933052063,0.43616485595703125,9.6915864944458,-0.3854435384273529
5.789999961853027,-0.1801908016204834,9.618853569030762,0.6576851010322571,0.45638465881347656,9.711973190307617,-0.3977901339530945
5.800000190734863,-0.1773354709148407,9.630709648132324,0.676460862159729,0.4755818247795105,9.714917182922363,-0.39299407601356506
5.809999942779541,-0.18366684019565582,9.643404960632324,0.6885077357292175,0.48516473174095154,9.72451114654541,-0.37679237127304077
5.820000171661377,-0.18097704648971558,9.66424560546875,0.6769116520881653,0.48060399293899536,9.752581596374512,-0.36980074644088745
5.829999923706055,-0.18097704648971558,9.676522254943848,0.6571758389472961,0.49150869250297546,9.775224685668945,-0.38021978735923767
5.840000152587891,-0.1882767528295517,9.686471939086914,0.6521667838096619,0.5007355213165283,9.77283000946045,-0.386233389377594
5.849999904632568,-0.19275423884391785,9.691434860229492,0.6620346903800964,0.5180952548980713,9.761049270629883,-0.386233389377594
5.860000133514404,-0.18786294758319855,9.688285827636719,0.6503968834877014,0.5323927402496338,9.745739936828613,-0.38073018193244934
5.869999885559082,-0.18853332102298737,9.672718048095703,0.6264033913612366,0.5378507375717163,9.709662437438965,-0.3820646405220032
5.880000114440918,-0.19052791595458984,9.626419067382812,0.621277391910553,0.5420154929161072,9.672022819519043,-0.380810022354126
5.889999866485596,-0.1965530663728714,9.561906814575195,0.6110171675682068,0.5366372466087341,9.642839431762695,-0.37660133838653564
5.900000095367432,-0.19695033133029938,9.529133796691895,0.6196828484535217,0.5270543098449707,9.624494552612305,-0.3846166431903839
5.909999847412109,-0.20503629744052887,9.491206169128418,0.6247169971466064,0.5254191756248474,9.63628101348877,-0.3857457935810089
5.920000076293945,-0.21298983693122864,9.506354331970215,0.6333409547805786,0.5354692935943604,9.67347240447998,-0.37088996171951294
5.929999828338623,-0.22830931842327118,9.551015853881836,0.6551555395126343,0.5289686322212219,9.71989631652832,-0.375212699174881
5.940000057220459,-0.23350684344768524,9.639409065246582,0.6653323173522949,0.5205479860305786,9.781679153442383,-0.37845760583877563
5.949999809265137,-0.22609126567840576,9.71728801727295,0.6777465343475342,0.5150614380836487,9.846813201904297,-0.364069402217865
5.960000038146973,-0.22013232111930847,9.763486862182617,0.7002623677253723,0.5185340046882629,9.900003433227539,-0.370097279548645
5.96999979019165,-0.23493865132331848,9.819173812866211,0.7169843912124634,0.5275813341140747,9.917828559875488,-0.3839493989944458
5.980000019073486,-0.20989450812339783,9.841693878173828,0.7154232263565063,0.5225619673728943,9.910648345947266,-0.386233389377594
5.989999771118164,-0.1923404335975647,9.856581687927246,0.6894510984420776,0.50799959897995,9.875455856323242,-0.38374125957489014
6,-0.18195365369319916,9.83232307434082,0.6728208661079407,0.49377337098121643,9.81473159790039,-0.3789452016353607
6.010000228881836,-0.18538004159927368,9.798080444335938,0.6757846474647522,0.47684091329574585,9.756364822387695,-0.3864101767539978
6.019999980926514,-0.18123361468315125,9.763344764709473,0.6533689498901367,0.4601733982563019,9.707863807678223,-0.4007299542427063
6.03000020980835,-0.1670728325843811,9.714500427246094,0.6427246332168579,0.4457705318927765,9.688523292541504,-0.39826062321662903
6.039999961853027,-0.20922411978244781,9.713257789611816,0.681052565574646,0.4242147207260132,9.698227882385254,-0.38626474142074585
6.050000190734863,-0.2009064108133316,9.722972869873047,0.6954286098480225,0.4049976170063019,9.710466384887695,-0.3814173638820648
6.059999942779541,-0.21918053925037384,9.73022747039795,0.6967309713363647,0.38827311992645264,9.734416007995605,-0.38847458362579346
6.070000171661377,-0.21742595732212067,9.773932456970215,0.7160242795944214,0.3597864806652069,9.797115325927734,-0.3888680934906006
6.079999923706055,-0.20063330233097076,9.855480194091797,0.7319448590278625,0.3237650990486145,9.85634994506836,-0.37679237127304077
6.090000152587891,-0.20150232315063477,9.917750358581543,0.7539096474647522,0.29709592461586,9.913647651672363,-0.38095542788505554
6.099999904632568,-0.1801908016204834,9.997947692871094,0.7588436007499695,0.2733893394470215,9.975591659545898,-0.38195914030075073
6.110000133514404,-0.17439737915992737,10.074071884155273,0.7610476016998291,0.24239017069339752,10.005365371704102,-0.38530099391937256
6.119999885559082,-0.1615608036518097,10.115838050842285,0.752206563949585,0.2244635373353958,10.022557258605957,-0.39621615409851074
6.130000114440918,-0.13823814690113068,10.151658058166504,0.7346915006637573,0.21341072022914886,10.01246452331543,-0.39768749475479126
6.139999866485596,-0.12117238342761993,10.136661529541016,0.6931328177452087,0.18726283311843872,9.962434768676758,-0.4033047556877136
6.150000095367432,-0.11002418398857117,10.097188949584961,0.7043781280517578,0.15634343028068542,9.890388488769531,-0.3941631615161896
6.159999847412109,-0.09683173894882202,10.032676696777344,0.7132024765014648,0.11635103821754456,9.80770206451416,-0.38838618993759155
6.170000076293945,-0.09503576904535294,9.971405982971191,0.7131023406982422,0.07482890784740448,9.735830307006836,-0.39318227767944336
6.179999828338623,-0.1148492768406868,9.918557167053223,0.7246983647346497,0.045510463416576385,9.696747779846191,-0.3979783356189728
6.190000057220459,-0.13322269916534424,9.881921768188477,0.7431902289390564,0.019462279975414276,9.692768096923828,-0.3860309422016144
6.199999809265137,-0.13516764342784882,9.894659996032715,0.7678599953651428,-0.02171231061220169,9.729826927185059,-0.3690422475337982
6.210000038146973,-0.13593733310699463,9.947155952453613,0.7842146754264832,-0.06485247611999512,9.813196182250977,-0.38205036520957947
6.21999979019165,-0.13104602694511414,10.012239456176758,0.8067138195037842,-0.10099632292985916,9.912537574768066,-0.38570016622543335
6.230000019073486,-0.12386218458414078,10.110556602478027,0.8210564851760864,-0.14565767347812653,10.002429962158203,-0.3737984001636505
6.239999771118164,-0.10685434937477112,10.212475776672363,0.8110383152961731,-0.18118906021118164,10.061239242553711,-0.38457387685775757
6.25,-0.06977645307779312,10.283873558044434,0.8212234377861023,-0.2175494134426117,10.080140113830566,-0.38599956035614014
6.260000228881836,-0.03670428320765495,10.308996200561523,0.814327597618103,-0.25108960270881653,10.066451072692871,-0.3815513849258423
6.269999980926514,-0.014383056201040745,10.300607681274414,0.7847239375114441,-0.284629762172699,10.031310081481934,-0.39393219351768494
6.28000020980835,0.0014578155241906643,10.25075626373291,0.7667078971862793,-0.32772719860076904,9.957419395446777,-0.3872228264808655
6.289999961853027,-0.003698330372571945,10.179350852966309,0.7658814191818237,-0.370092511177063,9.865900993347168,-0.37763071060180664
6.300000190734863,-0.012165002524852753,10.094132423400879,0.7551619410514832,-0.3873867690563202,9.798413276672363,-0.36429181694984436
6.309999942779541,-0.020275793969631195,10.012910842895508,0.7581590414047241,-0.40916764736175537,9.74899959564209,-0.3636416792869568
6.320000171661377,-0.04339982569217682,9.931706428527832,0.7796897888183594,-0.43538105487823486,9.70364761352539,-0.3814173638820648
6.329999923706055,-0.055491525679826736,9.885860443115234,0.7973968982696533,-0.44975540041923523,9.701397895812988,-0.3741633892059326
6.340000152587891,-0.06394992023706436,9.88141918182373,0.8121987581253052,-0.4766724109649658,9.726350784301758,-0.35856619477272034
6.349999904632568,-0.051634762436151505,9.953639030456543,0.8418608903884888,-0.5281307101249695,9.766655921936035,-0.3472004532814026
6.360000133514404,-0.04726486653089523,9.974698066711426,0.849574863910675,-0.5611011385917664,9.867963790893555,-0.3468411862850189
6.369999885559082,-0.027691373601555824,10.054130554199219,0.8614214062690735,-0.5688381195068359,9.958324432373047,-0.36735421419143677
6.380000114440918,0.0007957102498039603,10.128844261169434,0.8436975479125977,-0.6174420118331909,10.003838539123535,-0.368032842874527
6.389999866485596,0.02185066230595112,10.202526092529297,0.8399407267570496,-0.6472960114479065,10.043889999389648,-0.36098986864089966
6.400000095367432,0.04994048550724983,10.238043785095215,0.8356412649154663,-0.637391209602356,10.04104995727539,-0.37325379252433777
6.409999847412109,0.06177562102675438,10.218957901000977,0.804209291934967,-0.6722531318664551,9.977482795715332,-0.3653154671192169
6.420000076293945,0.07605226337909698,10.139432907104492,0.7878045439720154,-0.6767284274101257,9.891481399536133,-0.3621532618999481
6.429999828338623,0.06306672841310501,10.041040420532227,0.7823028564453125,-0.6576082110404968,9.79088306427002,-0.358925461769104
6.440000057220459,0.03395063802599907,9.911478996276855,0.7771017551422119,-0.6735036969184875,9.674148559570312,-0.3541151285171509
6.449999809265137,0.014269555918872356,9.797510147094727,0.7589688301086426,-0.6981275677680969,9.586146354675293,-0.35733720660209656
6.460000038146973,-0.0012981980107724667,9.723979949951172,0.7827369570732117,-0.6637840867042542,9.56484317779541,-0.3449050784111023
6.46999979019165,-0.0281631238758564,9.66862964630127,0.7917700409889221,-0.6785458326339722,9.573981285095215,-0.33721768856048584
6.480000019073486,-0.024985019117593765,9.675363540649414,0.7949758768081665,-0.7024945616722107,9.625177383422852,-0.3735731542110443
6.489999771118164,0.0004894864978268743,9.800281524658203,0.8206724524497986,-0.7484378218650818,9.70754623413086,-0.3729458451271057
6.5,0.0012509076623246074,9.81650447845459,0.8214405179023743,-0.7377154231071472,9.79697036743164,-0.3773883283138275
6.510000228881836,0.007019501179456711,9.916265487670898,0.8299142122268677,-0.782570481300354,9.86933422088623,-0.3646082878112793
6.519999980926514,0.02077474072575569,9.988611221313477,0.8395566940307617,-0.8002578616142273,9.907792091369629,-0.37711459398269653
6.53000020980835,0.043468404561281204,10.019770622253418,0.8036415576934814,-0.8312171697616577,9.899434089660645,-0.37404078245162964
